SN;WHP;WFR;OFR;GFR;WPD;API;ID;WBHT;BHP
1;670;3822;1848;248.00;6858;33.4;4.000;217;3234
2;600;2420;824;1078.00;6567;31.7;3.958;200;2649
3;340;140;5469;2620.00;6252;33.4;4.000;217;1851
4;280;2245;6455;3118.00;6164;33.4;3.958;217;1975
5;380;2758;3642;1344.00;6486;33.4;3.958;217;2383
6;200;165;14790;7040.00;6584;37.3;3.958;225;2648
7;225;1544;4218;1523.00;6135;33.4;3.958;217;1952
8;390;2073;324;382.00;6811;31.7;2.992;200;2685
9;1200;4;4106;3219.00;6846;38.3;4.000;209;3049
10;220;806;7500;3750.00;6716;33.4;4.000;217;1906
11;390;5521;6456;833.00;5944;33.4;4.000;217;2414
12;210;746;4229;249.00;6026;27.6;3.958;160;2306
13;295;3619;584;249.00;6808;33.4;4.000;217;3025
14;460;1175;4315;1821.00;5998;33.4;4.000;217;2436
15;280;6163;4178;2273.00;6542;33.4;4.000;217;2635
16;850;396;1170;1043.00;6758;38.3;2.992;209;3135
17;700;2102;6338;2580.00;6200;33.4;3.958;217;3039
18;220;9481;4319;3170.00;5901;33.4;3.958;217;2344
19;240;9;4438;1771.00;5664;31.7;4.000;200;1865
20;300;7773;8091;5210.00;6683;37.3;3.958;225;3026
21;220;3012;1391;771.00;5885;33.4;3.958;217;2222
22;400;30;15094;7970.00;6889;33.4;3.958;217;2812
23;580;1699;5017;2192.00;6530;37.3;3.958;225;2969
24;400;10335;6552;5392.00;6583;37.3;6.276;225;2872
25;250;329;16971;10454.00;6607;37.3;4.000;225;2599
26;92;0;639;42.00;5146;26.2;3.958;160;1916
27;270;2060;2314;1641.00;7025;31.7;2.992;200;2515
28;340;126;3018;235.00;5687;28.1;4.000;160;2195
29;220;3670;3730;1264.00;6394;33.4;4.000;217;2532
30;1000;90;5910;3700.00;6535;37.3;4.000;225;2968
31;900;719;2625;1299.00;6243;33.4;4.000;217;2944
32;240;432;13083;5809.00;6310;33.4;3.958;217;2239
33;240;2744;2165;983.00;6694;37.3;3.920;225;2580
34;760;30;15170;7979.00;6717;37.3;3.958;225;3080
35;225;3556;10612;5094.00;6248;33.4;4.000;217;2335
36;300;1022;1434;610.00;6559;31.7;3.958;200;2531
37;320;0;1929;253.00;6161;27.6;4.000;160;2206
38;215;720;10187;5440.00;6759;33.4;3.958;217;2183
39;400;1429;8927;4499.00;5533;33.4;3.958;217;2103
40;230;1899;1256;417.00;6383;33.4;2.441;217;2761
41;540;2628;2618;2508.00;5545;33.4;3.958;217;2258
42;190;10380;4406;2481.00;6784;37.3;4.000;225;2891
43;800;3984;916;2254.00;6312;38.3;4.000;209;2889
44;1000;7;6593;4127.00;6386;37.3;4.000;225;2975
45;305;5193;571;405.00;6742;33.4;4.000;217;3088
46;220;5792;753;409.00;6629;33.4;3.958;217;3079
47;270;5831;4582;3051.00;6410;33.4;4.000;217;2429
48;620;3410;1190;547.00;5902;33.4;4.000;217;2953
49;540;80;11357;6235.00;6824;37.3;3.958;225;2625
50;1120;1380;5698;5886.00;6516;38.3;4.000;209;2989
51;130;4311;4243;395.00;5588;27.6;4.000;160;2270
52;330;1018;3410;396.00;5132;27.6;3.958;160;2341
53;290;1678;3898;2077.00;6351;37.3;2.441;225;2862
54;600;1043;3656;461.00;6150;33.4;2.992;217;2961
55;680;502;15698;11711.00;6797;38.3;4.000;209;2905
56;570;2764;11336;9727.00;6897;38.7;4.000;220;2853
57;700;1019;3532;1685.00;6649.8;33.4;3.958;217;2818
58;230;1225;13017;5832.00;6567;33.4;6.276;217;1837
59;1120;0;2295;1494.00;8150;33.7;4.000;175;3059
60;440;1903;2155;855.00;6995;33.4;3.958;217;2992
61;1260;26;3724;3850.00;5676;38.7;4.000;220;2738
62;750;122;6637;3883.00;5462;37.3;3.958;225;2337
63;240;7549;7138;5032.00;6593;37.3;3.958;225;2682
64;500;1384;2759;1363.00;6435;33.4;4.000;217;2659
65;300;874;9789;5423.00;6375;33.4;3.958;217;2108
66;450;46;7654;5763.00;6698;33.4;2.992;217;2553
67;276;0;5890;560.00;5821;27.6;3.958;160;2250
68;340;6;1414;83.00;6164;27.6;3.958;160;2243
69;320;2508;1892;1143.00;6587;37.3;4.000;225;2622
70;620;4232;4566;3173.00;6507;37.3;3.958;225;3085
71;291;497;2754;358.00;5714;27.6;3.958;160;2235
72;420;707;3154;1375.00;5964;33.4;2.992;217;2262
73;920;501;2711;1206.00;6200;33.4;4.000;217;3057
74;433;2031;1394;353.00;6520;33.4;2.992;217;2929
75;290;674;16601;9977.00;6706;37.3;3.958;225;2669
76;700;912;2609;1130.00;6523;33.4;3.958;217;2872
77;550;5860;3715;1835.00;7064;33.4;3.958;217;3292
78;640;262;16133;13261.00;6756;38.3;3.958;209;2836
79;510;5790;3610;3783.00;6276;38.7;4.000;220;2696
80;495;376;6862;3733.00;5758;33.4;4.000;217;2092
81;510;2909;7298;4452.00;6624;37.3;3.958;225;2760
82;260;9901;5594;3250.00;6663;37.3;3.958;225;3010
83;290;2348;8728;4189.00;6498;33.4;3.958;217;2339
84;285;8223;5235;3785.00;6845;37.3;3.958;225;2907
85;440;3027;2538;1403.00;6334;33.4;4.000;217;2621
86;390;5680;6353;4289.00;6293;37.3;4.000;225;2495
87;450;4903;625;125.00;6561;33.4;3.958;217;3376
88;175;5661;6257;2847.00;6447;33.4;4.000;217;2423
89;260;3482;12344;7196.00;6753;37.3;3.958;225;2648
90;850;2362;2198;413.00;6223;33.4;4.000;217;3418
91;860;1883;2921;1972.00;6379;37.3;4.000;225;3007
92;730;161;6260;4901.00;6126;33.4;4.000;217;2492
93;630;1249;6277;4205.00;6758;37.3;3.958;225;2533
94;260;6;5689;2583.00;6525;31.7;2.992;200;2224
95;390;1156;3379;865.00;4885;28.1;3.958;160;2205
96;740;1465;10258;6267.00;6595;37.3;3.958;225;2848
97;990;238;2562;2175.00;6730;37.3;3.958;225;2921
98;260;2472;16994;11250.00;6752;37.3;6.276;225;2373
99;200;97;4731;1438.00;6612;31.7;3.958;200;2319
100;490;5009;4737;5840.00;6891;38.3;3.958;209;2580
101;200;1142;2256;792.00;6555;33.4;4.000;217;2242
102;280;4506;1814;999.00;5975;33.4;3.958;217;2679
103;570;7678;4766;6129.00;6781;38.3;4.000;209;2984
104;300;1825;10846;4968.00;6448;33.4;3.958;217;2309
105;250;1605;13395;6698.00;6693;33.4;3.958;217;2558
106;1080;1833;1153;611.00;6571;31.7;4.000;200;3491
107;390;1331;1891;1061.00;6772;33.4;3.958;217;2581
108;580;937;4389;2717.00;5089;37.3;4.000;225;2177
109;220;3065;2830;968.00;6146;33.4;3.958;217;2533
110;960;47;9353;9353.00;6863;38.7;3.958;220;2766
111;265;4623;1962;918.00;6908;31.7;3.958;200;2892
112;205;318;1734;799.00;6214;33.4;1.995;217;2367
113;342;0;6349;622.00;5625;27.6;4.000;160;2143
114;610;500;3319;2323.00;6360;33.4;4.000;217;2438
115;400;233;2220;313.00;5083;27.6;4.000;160;2284
116;170;3646;7078;2980.00;6576.14;33.4;3.958;217;2378
117;225;21;10727;4677.00;6113;33.4;3.958;217;2099
118;747;204;3190;2871.00;4600;42.5;4.000;185;1827
119;310;5935;12497;7336.00;6683;37.3;3.958;225;2774
120;220;262;8468;1804.00;4770;25.4;3.958;160;1907
121;230;81;2051;250.00;6322;35.3;2.441;233;2323
122;580;5787;6713;5786.00;6645;38.7;3.958;220;2683
123;425;145;3145;811.00;4688;25.4;4.000;160;2022
124;245;5012;12095;9639.00;6587.1;37.3;3.958;225;2745
125;250;61;12099;5178.00;6180;31;4.000;225;2301
126;265;0;1870;168.00;5000;26.4;3.958;160;2092
127;550;1347;5006;3504.00;6313;33.4;4.000;217;2546
128;280;26;12869;5251.00;6666;33.4;4.000;217;2312
129;180;2218;2097;1292.00;6085;33.4;2.441;217;2350
130;480;2748;1692;1116.00;7296;33.4;4.000;217;2730
131;220;1082;12617;4820.00;6623;33.4;3.958;217;2290
132;570;2979;8221;6396.00;6746;38.3;3.958;209;2771
133;730;3235;2950;1092.00;6325;37.3;4.000;225;3004
134;540;1208;792;257.00;6532;33.4;3.958;217;2984
135;365;0;2357;193.00;5126;26.4;3.958;160;2192
136;225;9077;4331;2655.00;6676;33.4;3.958;217;2742
137;230;6;6313;1799.00;6376;33.4;4.000;217;2130
138;250;5606;8694;4895.00;6291;33.4;3.958;217;2351
139;215;3219;1073;684.00;6570;33.4;3.958;217;2550
140;420;2161;3162;1290.00;6454;37.3;2.441;225;2968
141;500;390;1944;437.00;5957;33.4;2.992;217;2521
142;260;2301;11817;6641.00;6617;37.3;3.958;225;2459
143;195;4903;1897;1231.00;5847;33.4;3.958;217;2236
144;1050;0;4655;3030.00;7032;33.7;4.000;175;2886
145;250;3;3023;1584.00;6565;37.3;1.995;225;2693
146;560;690;6143;3778.00;6003;33.4;4.000;217;2348
147;310;931;3031;982.00;5925;33.4;3.958;217;2263
148;380;45;11110;5066.00;5772;33.4;4.000;217;1990
149;460;6734;5248;2913.00;6964;37.3;3.958;225;3293
150;250;6909;2491;2371.00;6929;33.4;3.958;217;2945
151;280;2878;8822;3502.00;6312;33.4;3.958;217;2348
152;270;2369;2068;759.00;6767;33.4;3.958;217;2696
153;880;578;8182;3019.00;6419;37.3;3.958;225;2923
154;225;2233;5388;2861.00;6957;33.4;3.958;217;2215
155;320;3064;11809;3968.00;6661;37.3;3.958;225;2649
156;360;25;4135;2072.00;6145;31.7;4.000;200;2010
157;350;1039;4043;732.00;6937;33.4;2.992;217;2814
158;470;6855;3270;3754.00;6613;37.3;3.958;225;2915
159;430;3203;930;473.00;6562;33.4;3.958;217;2902
160;320;950;13447;7517.00;6643;37.3;3.958;225;2538
161;240;6199;3930;2193.00;6380;33.4;4.000;217;2481
162;820;29;5867;3860.00;6486;37.3;4.000;225;2631
163;420;5756;8181;4639.00;6588;37.3;4.000;225;2863
164;230;2130;800;438.00;6378;33.4;3.958;217;2544
165;390;52;8598;1840.00;6601;33.4;4.000;217;2670
166;715;513;2909;17859.00;4900;42.5;4.000;185;1198
167;600;13;6366;3018.00;6606;31.7;4.000;200;2492
168;690;3658;9313;5951.00;6226;37.3;4.000;225;2758
169;780;6797;5045;3102.00;6501;37.3;6.276;225;3240
170;145;700;2700;394.00;5060;27.6;4.000;160;2297
171;580;3730;7540;3491.00;6782;33.4;3.958;217;2919
172;280;6291;2009;818.00;6270;33.4;4.000;217;2701
173;210;1842;793;309.00;6269;33.4;4.000;217;2478
174;670;3455;9437;6134.00;6811;38.3;4.000;209;3078
175;360;4817;2416;283.00;7451;33.4;3.958;217;3035
176;240;2183;9680;5140.00;6437;33.4;3.958;217;2115
177;310;220;7930;3862.00;6684;33.4;3.958;217;2167
178;700;694;9082;5268.00;6490;37.3;3.958;225;2624
179;1040;1429;5035;7276.00;5226;37.3;4.000;220;2200
180;240;8451;5970;4382.00;6578;37.3;3.958;225;2843
181;200;9298;3910;2064.00;6693;33.4;4.000;217;2795
182;220;4956;2668;1414.00;6435;33.4;3.958;217;2498
183;980;67;9472;6242.00;6223;33.4;4.000;217;2736
184;350;0;4912;383.00;5787;28.1;3.958;160;2238
185;820;1645;11727;6004.00;6399;37.3;6.276;225;2789
186;180;2896;4806;476.00;5860;27.6;4.000;160;2117
187;410;0;2718;457.00;4948;26.4;4.000;160;2190
188;275;3707;6534;4071.00;6712;37.3;4.000;225;2358
189;450;2118;6355;3902.00;6425;37.3;3.958;225;2334
190;270;153;16848;9283.00;6214;37.3;3.958;225;2477
191;230;1219;5265;2643.00;6348;33.4;3.958;217;1732
192;210;1986;2655;1232.00;6646;31.7;4.000;200;1996
193;230;327;7657;3178.00;6859;31.7;3.958;200;1845
194;180;1065;5200;2226.00;6776;33.4;3.958;217;1811
195;225;1390;5073;2379.00;6331;33.4;4.000;217;1751
196;270;1083;6600;2844.00;5422;33.4;6.276;217;1421
197;250;1829;11426;6410.00;6778;33.4;3.958;217;2262
198;600;4448;1730;1114.00;6874;33.4;3.958;217;3141
199;790;633;11785;648.00;6224;37.3;4.000;225;2903
200;440;4179;1816;1778.00;6834;33.4;3.958;217;2537
201;290;80;7900;4005.00;6442;31.7;4.000;200;1941
202;240;6182;748;555.00;6832;37.3;4.000;225;3006
203;580;42;4658;1779.00;5841;33.4;4.000;217;2266
204;230;1022;1488;731.00;6298;33.4;4.000;217;2191
205;750;2791;1383;524.00;6509;33.4;4.000;217;3180
206;205;4970;926;535.00;6407;33.4;4.000;217;2646
207;293;47;5164;537.00;6050;26.4;3.958;160;2079
208;1030;175;3064;199.00;5071;37.3;4.000;225;2634
209;295;13;12727;5015.00;6532;33.4;3.958;217;2282
210;120;5006;939;82.00;5006;27.6;4.000;160;2336
211;230;1859;9013;4669.00;6494;33.4;3.958;217;1996
212;340;1628;6762;3483.00;6581;31.7;4.000;200;2230
213;800;536;8106;4434.00;6429;37.3;3.958;225;3016
214;550;259;15941;12163.00;6816;38.7;4.000;220;2800
215;250;28;13833;3140.00;6293;37.3;3.958;225;2495
216;730;3505;1715;1216.00;6606;33.4;4.000;217;3342
217;500;1022;8618;4344.00;6778;37.3;3.958;225;2510
218;220;182;6078;2924.00;6508;31.7;2.992;200;2159
219;495;844;5746;2896.00;6064;33.4;4.000;217;2234
220;370;2700;7012;1262.00;6110;31.7;3.958;200;2539
221;195;1095;6155;3508.00;6388;33.4;3.958;217;2012
222;320;1611;1954;344.00;6613;37.3;4.000;225;2938
223;260;13;12893;6240.00;5871;33.4;4.000;217;2047
224;290;7;6593;3191.00;6403;31.7;4.000;200;1950
225;420;6664;2047;1101.00;6273;33.4;4.000;217;2798
226;480;2789;7280;976.00;6054;33.4;4.000;217;2601
227;760;518;4883;2461.00;6570;37.3;3.958;225;2714
228;230;2452;745;107.00;6459;33.4;2.992;217;2788
229;290;4288;3712;3203.00;6881;37.3;4.000;225;2940
230;240;8124;4690;3452.00;6729;37.3;3.958;225;2962
231;349;1064;1664;158.00;6223;27.6;4.000;160;2325
232;190;2678;8344;4013.00;6434;33.4;4.000;217;2118
233;660;3121;479;1520.00;6656;38.3;2.992;209;3026
234;210;3604;3984;1801.00;6340;33.4;3.958;217;2289
235;415;34;5624;731.00;5838;35.3;4.000;233;2202
236;600;1479;772;49.00;6541;33.4;4.000;217;3100
237;400;1466;5198;1429.00;6678;33.4;4.000;217;2557
238;250;7857;4878;2614.00;6429;33.4;3.958;217;2562
239;225;7665;2735;1939.00;6742;33.4;4.000;217;3029
240;700;1070;720;515.00;6565;33.4;3.958;217;2941
241;550;1082;968;613.00;6800;33.4;3.958;217;3155
242;320;65;7134;2575.00;5944;33.4;4.000;217;1960
243;110;1993;2526;248.00;5750;27.6;4.000;160;2326
244;880;412;2936;2508.00;6223;38.1;4.000;207;2733
245;210;2496;8037;3416.00;6341;33.4;4.000;217;2141
246;940;142;11693;6373.00;6472;37.3;3.958;225;2926
247;1000;13;3284;1419.00;6350;33.4;4.000;217;2853
248;260;1688;1602;107.00;4946;27.6;3.958;160;2312
249;200;2719;2180;1049.00;6656;33.4;2.992;217;2497
250;255;4311;3020;1386.00;6251;33.4;3.958;217;2385
251;300;1833;9344;4289.00;6462;33.4;4.000;217;2136
252;640;1454;1550;419.00;6603;33.4;3.958;217;3358
253;260;240;6086;2191.00;5925;33.4;4.000;217;1841
254;220;1511;3964;1708.00;6788;33.4;3.958;217;2251
255;300;103;11341;5058.00;5550;33.4;4.000;217;2039
256;190;2698;4168;2613.00;6525;31.7;4.000;200;2094
257;250;3916;3688;1682.00;6656;33.4;4.000;217;2498
258;225;2283;10544;4766.00;6022;33.4;4.000;217;2051
259;440;1816;3542;1325.00;6054;33.4;4.000;217;2344
260;245;2936;6384;3633.00;6715;31.7;3.958;200;2235
261;230;2422;5029;2419.00;6643;33.4;3.958;217;2185
262;340;861;10032;5217.00;6394;33.4;3.958;217;2098
263;1050;299;3388;1843.00;5570;33.4;4.000;217;2698
264;450;21;2268;229.00;6026;33.4;3.958;217;2408
265;230;4147;1694;960.00;6109;33.4;2.992;217;2489
266;250;2276;11110;5900.00;6729;37.3;3.958;225;2560
267;320;1948;1693;907.00;6076;33.4;2.992;217;2258
268;290;23;7489;3565.00;6583;31.7;4.000;200;2056
269;720;558;2379;2025.00;6775;37.3;4.000;225;2590
270;250;2075;8844;3600.00;6538;33.4;3.958;217;2211
271;330;2036;3436;268.00;4912;37.3;4.000;225;2352
272;230;538;5379;2345.00;6719;33.4;4.000;217;2095
273;690;939;2321;1068.00;6449;33.4;3.958;217;2674
274;350;15;7600;980.00;6170;33.4;6.276;217;2241
275;240;4902;4011;1785.00;6332;33.4;4.000;217;2405
276;680;2623;3577;644.00;6744;33.4;3.958;217;3522
277;225;6828;7457;3274.00;6530;33.4;6.276;217;2456
278;950;1910;5729;10840.00;6979;38.3;4.000;209;3236
279;240;5641;6412;3488.00;6033;33.4;3.958;217;2240
280;1120;2030;2243;357.00;6481;33.4;4.000;217;3374
281;1170;426;4200;357.00;6465;37.3;4.000;225;3181
282;320;3849;6306;3090.00;6380;31.7;3.958;200;2375
283;450;20;4991;654.00;6046;33.4;4.000;217;2332
284;950;84;16739;2628.00;6776;37.3;6.276;225;2838
285;650;40;3911;1877.00;5512;33.4;4.000;217;2128
286;780;285;3203;1794.00;6160;33.4;2.992;217;3027
287;540;1018;5467;2515.00;5830;33.4;4.000;217;2202
288;840;3189;686;1520.00;6362;38.7;4.000;220;2926
289;230;4220;3880;1932.00;6849;33.4;4.000;217;2360
290;435;2498;1751;756.00;6328;33.4;4.000;217;2597
291;235;42;3793;1547.00;6595;31.7;2.441;200;2271
292;700;1683;2323;1445.00;6453;37.3;3.958;225;2718
293;240;0;1150;135.00;5556;27.6;4.000;160;2266
294;345;3956;5160;2585.00;6773;33.4;3.958;217;2572
295;220;4097;7316;3716.00;6515;33.4;3.958;217;2234
296;580;1087;2196;1272.00;6581;37.3;3.958;225;2555
297;950;2054;2746;1329.00;6548;38.3;4.000;209;3041
298;410;1706;1594;558.00;6200;31.7;2.992;200;2389
299;240;2797;1154;345.00;6385;37.3;3.958;225;2387
300;200;2435;5549;2908.00;6790;33.4;3.958;217;2049
301;425;125;6475;3179.00;6616;31.7;6.276;200;2078
302;430;1402;5439;1985.00;6688;33.4;3.958;217;2349
303;348;749;5387;1848.00;6555;33.4;4.000;217;2098
304;640;6087;2609;2335.00;6816;38.3;4.000;209;3007
305;260;5143;2499;1234.00;6376;33.4;4.000;217;2322
306;270;4513;2495;1285.00;6493;33.4;3.958;217;2319
307;200;565;6675;2383.00;5888;33.4;3.958;217;2039
308;550;241;4315;1765.00;6595;31.7;2.992;200;2379
309;245;69;8559;916.00;6012;33.4;4.000;217;1989
310;250;1198;719;167.00;5658;31.7;2.992;200;2140
311;360;12;4048;1688.00;5996;33.4;3.958;217;1836
312;610;695;3705;1482.00;6290;31.7;3.958;200;2337
313;680;1745;603;522.00;6812;37.3;3.958;225;2990
314;320;1953;5023;2511.00;6124;31.7;4.000;200;1968
315;200;3160;5544;2201.00;6173;33.4;3.958;217;1995
316;320;2081;4421;1998.00;6804;33.4;3.958;217;2249
317;440;1772;4058;1554.00;6350;33.4;3.958;217;2273
318;260;4544;1115;827.00;6517;33.4;3.958;217;2374
319;650;4007;6483;3241.00;5995;33.4;4.000;217;2367
320;280;3312;1320;665.00;6468;33.4;3.958;217;2441
321;440;1353;6847;2143.00;6134;33.4;4.000;217;2125
322;998;466;2276;2208.00;4750;42.5;4.000;185;1920
323;170;2944;4379;2128.00;6651;33.4;3.958;217;2035
324;230;371;15080;8143.00;6723;31.7;6.276;200;1929
325;180;2748;3826;1990.00;6626;31.7;4.000;200;2166
326;1550;235;4373;669.00;6788;33.4;4.000;217;3604
327;210;954;3288;1335.00;6689;31.7;2.992;200;2213
328;160;98;10817;714.00;4983;27.6;4.000;160;2103
329;215;399;4585;2095.00;6254;31.7;2.992;200;1944
330;410;2059;5018;1882.00;6121;33.4;4.000;217;2107
331;230;409;5603;2605.00;6449;31.7;4.000;200;1767
332;400;57;4343;2267.00;6423;31.7;3.958;200;1900
333;190;1939;3418;1883.00;6602;33.4;3.958;217;1885
334;260;2854;4408;2032.00;5608;31.7;4.000;200;1810
335;200;819;2296;790.00;6557;33.4;4.000;217;1933
336;220;259;5034;1953.00;6367;33.4;3.958;217;1748
337;185;586;7336;2964.00;6640;31.7;3.958;200;1753
338;280;6130;2348;1649.00;5859;33.4;3.958;217;2283
339;820;1448;743;999.00;6962;38.3;4.000;209;3020
340;300;1625;966;365.00;7033;33.4;1.995;217;3153
341;220;2301;3645;1903.00;5889;33.4;4.000;217;2059
342;340;475;1746;461.00;6312;33.4;3.958;217;2335
343;225;1893;14151;9170.00;6466;37.3;3.958;225;2587
344;975;391;4493;4143.00;4700;42.5;3.958;185;2122
345;550;1253;2442;2086.00;6639;38.3;2.441;209;2997
346;810;3436;11246;1844.00;6463;37.3;4.000;225;2946
347;240;66;16488;8706.00;6629;33.4;3.958;217;2684
348;560;3484;4208;2503.00;6593;37.3;3.958;225;2636
349;350;3746;1820;1578.00;6672;33.4;4.000;217;2472
350;550;2366;1063;461.00;6275;33.4;3.958;217;2763
351;210;2922;938;315.00;6644;33.4;4.000;217;2634
352;310;1455;1545;593.00;6149;33.4;2.992;217;2268
353;200;1089;2718;1163.00;6386;33.4;2.441;217;2476
354;370;8187;8024;3547.00;6859;37.3;4.000;225;2937
355;383;0;836;145.00;5858;26.4;4.000;160;2192
356;1020;673;2887;1969.00;6041;33.4;2.992;217;2994
357;250;3623;1729;832.00;6369;33.4;3.958;217;2466
358;800;672;6556;5009.00;5628;37.6;4.000;196;2523
359;450;27;2674;289.00;6329;33.4;4.000;217;2789
360;320;1112;6890;3286.00;6453;31.7;3.958;200;2166
361;380;9222;9637;7363.00;6337;37.3;3.958;225;2783
362;260;4112;7536;3791.00;6486;37.3;4.000;225;2612
363;680;452;853;298.00;6642;33.4;4.000;217;2920
364;190;1734;6008;2481.00;6622;33.4;3.958;217;2169
365;245;174;1002;359.00;6442;33.4;3.958;217;2340
366;250;7528;3272;1594.00;6433;33.4;3.958;217;2611
367;195;16;2032;175.00;6094;35.3;1.995;233;2260
368;290;4047;3297;1039.00;6267;31.7;4.000;200;2502
369;135;32;2080;189.00;6399;27.6;4.000;160;2190
370;320;1242;10589;4680.00;6493;33.4;3.958;217;2259
371;310;1311;3851;2268.00;6483;31.7;4.000;200;2184
372;210;3708;3354;1452.00;6675;31.7;6.276;200;2421
373;230;4769;10614;5424.00;6896;33.4;4.000;217;2895
374;190;3797;7051;4146.00;6863;37.3;3.958;225;2571
375;200;4537;2214;1050.00;5923;33.4;4.000;217;2221
376;280;6185;7468;3809.00;6573;33.4;3.958;217;2492
377;250;2811;9149;3605.00;6297;33.4;3.958;217;2251
378;650;1037;2095;1067.00;5899;33.4;3.958;217;2456
379;1033;500;4500;4640.00;4660;42.5;4.000;185;2098
380;360;1261;5339;2435.00;6599;31.7;4.000;200;2058
381;495;3014;6174;2877.00;6296;33.4;4.000;217;2776
382;420;41;3099;381.00;5917;27.6;3.958;160;2190
383;780;4218;5801;1265.00;6526;33.4;3.958;217;3185
384;225;865;3234;58.00;6500;27.6;4.000;160;2336
385;1100;19;4673;4281.00;5992;37.3;4.000;225;2909
386;180;6763;4604;2412.00;6840;33.4;4.000;217;2833
387;460;1179;7821;3410.00;5824;33.4;4.000;217;2180
388;300;2003;11715;5190.00;6541;33.4;4.000;217;2402
389;400;4121;7619;3551.00;5985;33.4;6.276;217;2425
390;740;4823;4277;3866.00;5905;38.1;4.000;207;2788
391;120;0;2043;282.00;5249;27.6;3.958;160;2011
392;180;848;5833;2677.00;6027;33.4;2.992;217;2220
393;280;3852;3335;1614.00;6438;37.3;4.000;225;2686
394;390;1282;14944;9056.00;6693;37.3;3.958;225;2765
395;900;182;1118;807.00;8620;47.5;2.992;189;3524
396;590;1143;11277;5943.00;6392;37.3;6.276;225;2542
397;600;2480;15620;12481.00;6458;38.7;4.000;220;2691
398;145;666;1120;166.00;6173;27.6;4.000;160;2204
399;250;3567;17663;11587.00;6645;37.3;6.276;225;2612
400;700;1458;9423;4881.00;7038;37.3;3.958;225;3065
401;560;1189;723;310.00;6700;33.4;6.276;217;3048
402;330;331;7022;3223.00;6240;31.7;4.000;200;2050
403;320;854;176;21.00;6350;33.4;2.441;217;2903
404;320;5495;9437;5813.00;6913;37.3;3.958;225;3015
405;305;9563;3700;1443.00;6712;37.3;3.958;225;3076
406;240;2484;5328;2461.00;6195;33.4;3.958;217;1889
407;470;16;5284;2198.00;6017;31.7;4.000;200;1899
408;1028;275;3658;2977.00;4800;42.5;3.958;185;1874
409;280;782;6457;2551.00;6696;31.7;3.958;200;1965
410;196;1917;4955;1823.00;6093;33.4;4.000;217;1796
411;205;335;4260;1286.00;6013;31.7;3.958;200;2038
412;180;3018;4781;2271.00;6580;33.4;6.276;217;1880
413;300;2353;4388;2111.00;6058;33.4;3.958;217;2131
414;532;3084;10503;3812.00;6165;33.4;4.000;217;2482
415;600;4404;3309;1995.00;6868;37.6;4.000;196;2607
416;570;16;7868;2392.00;5993;33.4;4.000;217;2327
417;260;13;12846;5485.00;6478;31.7;3.958;200;2146
418;620;294;2506;561.00;6576;33.4;4.000;217;2640
419;460;4250;3207;2854.00;6679;38.3;2.992;209;2855
420;220;5707;9802;6253.00;6495.99;37.3;3.958;225;2745
421;250;4353;8565;3854.00;5899;33.4;3.958;217;2135
422;870;1345;4882;2168.00;6441;33.4;4.000;217;2858
423;210;3251;2177;1027.00;6555;33.4;4.000;217;2370
424;360;375;5585;2915.00;6551;33.4;4.000;217;2131
425;220;7774;8288;5512.00;6669.36;37.3;3.958;225;2895
426;1000;194;4121;437.00;6132;33.4;4.000;217;2854
427;220;6956;7971;6154.00;6754;37.3;4.000;225;2800
428;230;1042;8098;3320.00;6047;33.4;4.000;217;1906
429;390;842;8112;1063.00;4243;35.3;4.000;233;2014
430;260;3173;6442;3369.00;5671;33.4;4.000;217;1927
431;200;1218;6957;3388.00;6680;31.7;3.958;200;2030
432;210;11395;5437;3969.00;6264;33.4;3.958;217;2970
433;210;1278;9934;4033.00;6574;33.4;3.958;217;2138
434;917;381;1435;1673.00;4700;42.5;4.000;185;1966
435;210;1501;7542;3658.00;6372;33.4;4.000;217;1932
436;230;1588;13390;6561.00;6649;31.7;6.276;200;2182
437;280;48;9522;2819.00;6340;31;4.000;225;2220
438;530;59;9787;2995.00;6621;33.4;4.000;217;2496
439;560;4910;2195;1328.00;6653;37.3;6.276;225;3045
440;185;3938;3563;2636.00;6248;33.4;4.000;217;2025
441;880;1976;7200;3435.00;6314;33.4;3.958;217;2855
442;280;10715;275;239.00;7190;37.3;3.958;225;3206
443;220;6197;3640;1867.00;5928;33.4;3.958;217;2189
444;187;48;2360;210.00;4971;27.6;4.000;160;2195
445;540;1444;5431;2216.00;6454;37.3;4.000;225;2495
446;230;8755;7985;4639.00;6547;37.3;6.276;225;2424
447;230;3591;5986;3370.00;6501;33.4;3.958;217;2183
448;330;2;1758;621.00;6591;31.7;3.958;200;2200
449;180;5690;5510;3174.00;6830;33.4;3.958;217;2322
450;270;5133;5154;2896.00;6926;33.4;3.958;217;2575
451;250;1206;10069;4984.00;6666;33.4;3.958;217;2143
452;220;3887;1871;720.00;4912;33.4;2.992;217;2186
453;200;36;3937;1917.00;6258;31.7;2.992;200;1864
454;300;5703;5889;3569.00;6523;37.3;4.000;225;2580
455;1025;657;4038;4001.00;6282;37.6;3.958;196;2761
456;250;3402;3670;2573.00;6670;33.4;2.992;217;2541
457;200;8026;1529;1622.00;6448;37.3;3.958;225;2805
458;200;224;6576;736.00;5191;27.6;3.958;160;2159
459;260;9896;7404;5257.00;6679;37.3;3.958;225;2895
460;310;349;2446;575.00;5855;33.4;4.000;217;2257
461;120;16;1043;83.00;6100;27.6;3.958;160;2031
462;306;0;2404;221.00;6056;27.6;4.000;160;2202
463;750;1021;4883;3052.00;6642;37.3;3.958;225;2819
464;480;3267;5539;2814.00;7595;37.3;4.000;225;2953
465;240;1468;12385;7059.00;6631;33.4;3.958;217;2325
466;250;4;4096;1311.00;6589;31.7;4.000;200;2252
467;425;0;4171;355.00;5732;27.6;4.000;160;2274
468;720;3882;3361;1502.00;6500;33.4;3.958;217;3175
469;255;773;10770;5105.00;6053;33.4;3.958;217;2095
470;230;1282;450;324.00;6592;31.7;2.992;200;2617
471;340;4878;690;351.00;6497;33.4;3.958;217;3045
472;410;79;2401;146.00;5650;27.6;3.958;160;2271
473;350;4082;4018;1924.00;6201;33.4;3.958;217;2608
474;240;1512;12363;6367.00;6359;31.7;3.958;200;2273
475;435;306;5694;478.00;5730;27.6;3.958;160;2287
476;300;103;9284;2107.00;5215;28.1;3.958;160;1937
477;260;5603;3478;1878.00;6649;33.4;3.958;217;2484
478;290;4950;6300;3604.00;6589;37.3;4.000;225;2745
479;200;829;6447;3249.00;6587;33.4;4.000;217;1924
480;250;1424;746;285.00;5994;33.4;2.992;217;2279
481;260;7712;8189;14854.00;6718;37.3;3.958;225;2939
482;1050;1500;13503;6360.00;6827;31.7;3.958;200;3283
483;990;659;4529;2183.00;5027;33.4;4.000;217;2417
484;200;507;2873;1006.00;6020;35.3;4.000;233;2020
485;650;5430;2316;1753.00;7000;38.3;4.000;209;3162
486;320;7829;11550;6295.00;6874;37.3;4.000;225;2934
487;840;966;1334;868.00;6672;33.7;4.000;175;2831
488;275;3666;10434;5822.00;6856;33.4;3.958;217;2848
489;245;539;9437;4700.00;5668;33.4;2.992;217;2228
490;830;5214;2615;1577.00;6510;33.4;4.000;217;3089
491;345;4220;4701;1241.00;6256;33.4;3.958;217;2506
492;410;2921;10728;5235.00;5893;33.4;6.276;217;2178
493;100;2996;333;184.00;6371;33.4;2.441;217;2615
494;340;2043;3277;1416.00;6363;33.4;3.958;217;2306
495;440;962;755;278.00;6076;33.4;4.000;217;2517
496;620;3491;5648;2790.00;6587;37.3;3.958;225;2739
497;310;4672;5528;2515.00;6639;33.4;3.958;217;2535
498;220;43;8458;3942.00;6256;31.7;4.000;200;1726
499;450;1196;6187;693.00;5897;33.4;4.000;217;2208
500;280;648;2146;966.00;6773;31.7;2.441;200;2275
501;320;7;7303;2826.00;6383;33.4;4.000;217;1899
502;355;913;9831;3126.00;6831;33.4;3.958;217;2336
503;210;1266;7465;3367.00;6522;33.4;4.000;217;1914
504;760;193;10539;5891.00;6637;33.4;4.000;217;2440
505;430;2150;1628;402.00;6263;33.4;3.958;217;2493
506;285;1412;1511;364.00;6494;33.4;2.992;217;2385
507;750;1947;4653;3187.00;6015;33.4;3.958;217;2717
508;393;0;5603;986.00;5635;26.4;3.958;160;2198
509;350;2036;13508;7146.00;6727;37.3;4.000;225;2651
510;190;254;1576;561.00;6448;33.4;4.000;217;2116
511;460;157;5083;579.00;5185;27.6;3.958;160;2256
512;260;1181;13398;6391.00;6468;33.4;4.000;217;2349
513;300;3468;13286;7414.00;6739;37.3;3.958;225;2735
514;230;52;17284;8953.00;6326;33.4;3.958;217;2404
515;780;286;7411;2794.00;6407;33.4;4.000;217;2906
516;220;1930;7304;4083.00;6026;33.4;3.958;217;1970
517;100;93;6567;722.00;5766;27.6;3.958;160;1984
518;375;0;1943;295.00;5095;26.4;3.958;160;2216
519;240;3576;8424;4296.00;6131;33.4;3.958;217;2243
520;305;113;13999;7154.00;7006;33.4;3.958;217;2354
521;310;1488;4326;1977.00;6267;33.4;4.000;217;2235
522;150;26;3724;384.00;5922;27.6;3.958;160;2047
523;235;5866;4425;2960.00;6831;33.4;3.958;217;2684
524;295;155;4396;761.00;5930;26.4;4.000;160;2114
525;340;4731;1654;1586.00;6848;33.4;4.000;217;2661
526;400;0;4230;495.00;5050;26.4;4.000;160;2246
527;290;2369;4897;2503.00;6544;37.3;3.958;225;2392
528;470;107;2572;442.00;5250;27.6;3.958;160;2287
529;680;3872;7652;6963.00;6985;38.3;3.958;209;2823
530;240;1095;9855;4642.00;6235;33.4;4.000;217;2125
531;360;2;1139;159.00;5066;27.6;3.958;160;2217
532;250;5810;4678;2708.00;6456;37.3;3.958;225;2566
533;480;1188;7060;826.00;6664;33.4;6.276;217;2689
534;520;4978;5393;3748.00;6870.5;37.3;3.958;225;3033
535;450;1956;3219;2163.00;6262;33.4;4.000;217;2577
536;390;0;3044;286.00;6229;27.6;3.958;160;2267
537;290;4206;7444;5501.00;5833;33.4;4.000;217;2025
538;330;2623;4725;2343.00;5964;33.4;4.000;217;2291
539;285;67;13287;5993.00;6516;33.4;4.000;217;2306
540;400;134;6250;3106.00;6510;31.7;4.000;200;2303
541;255;4657;4264;1748.00;6209;33.4;3.958;217;2507
542;590;3046;1549;526.00;6769;37.3;4.000;225;3196
543;420;0;2700;413.00;6060;26.4;3.958;160;2269
544;220;1263;10656;5402.00;6828;33.4;3.958;217;2307
545;100;1870;630;43.00;5907;27.6;4.000;160;2320
546;170;4322;2441;1448.00;6741;33.4;2.992;217;2780
547;280;2013;10115;4946.00;6256;33.4;3.958;217;2056
548;480;2333;1690;809.00;6628;37.3;4.000;225;2641
549;225;2129;2927;1098.00;6083;33.4;4.000;217;2071
550;175;5593;7177;3538.00;6606;33.4;6.276;217;2183
551;500;1259;4941;2693.00;6559;31.7;2.992;200;2511
552;410;4;4367;1943.00;6075;33.4;3.958;217;1990
553;250;1167;1865;675.00;5982;33.4;4.000;217;2056
554;700;371;7321;3199.00;5963;33.4;4.000;217;2291
555;200;7313;1726;1267.00;6783;31.7;3.958;200;2638
556;520;3093;13271;7312.00;6642;37.3;6.276;225;2525
557;940;1260;2240;1772.00;7122;33.7;4.000;175;2831
558;255;4491;4787;2509.00;6244;33.4;3.958;217;2192
559;570;1557;3338;2464.00;6194;37.6;3.958;196;2580
560;240;2165;2835;1539.00;6815;31.7;3.958;200;2166
561;340;33;8167;2687.00;6318;33.4;4.000;217;2000
562;260;3524;6374;3181.00;6787;33.4;3.958;217;2194
563;260;736;1663;715.00;6045;33.4;3.958;217;1864
564;200;5;5311;1816.00;6828;31.7;3.958;200;2224
565;280;1635;4704;1594.00;6240;33.4;3.958;217;2019
566;1058;66;6567;5910.00;4770;42.5;4.000;185;2152
567;205;415;13424;6511.00;6213;33.4;3.958;217;2145
568;760;4488;4295;2925.00;6548;37.3;3.958;225;2919
569;340;137;2917;300.00;5250;27.6;4.000;160;2232
570;250;2303;1382;618.00;6709;37.3;2.992;225;2684
571;230;2759;401;262.00;6517;33.4;2.441;217;2959
572;310;1374;8878;8017.00;6733;31.7;4.000;200;1973
573;315;210;2123;191.00;6000;27.6;4.000;160;2233
574;150;103;4569;356.00;5593;27.6;3.958;160;2020
575;540;443;2361;756.00;6055;33.4;4.000;217;2428
576;220;5723;8477;4078.00;5815.8;33.4;3.958;217;2329
577;300;3349;1316;505.00;6353;37.3;4.000;225;2804
578;185;2025;819;405.00;6315;33.4;3.958;217;2520
579;560;151;9264;3974.00;6334;37.3;3.958;225;2533
580;340;772;5767;2699.00;6309;33.4;4.000;217;2316
581;230;9031;6566;3986.00;6390;37.3;3.958;225;2542
582;720;2661;9434;6736.00;6690;37.3;4.000;225;2917
583;190;7317;1784;994.00;6254;33.4;4.000;217;2649
584;365;4041;2073;1780.00;6502;33.4;4.000;217;2681
585;680;1560;9501;5292.00;6356;37.3;4.000;225;2740
586;930;2723;7037;4032.00;6501;37.3;3.958;225;3260
587;900;2016;3522;4417.00;6980;38.3;3.958;209;2867
588;285;1120;6011;2525.00;6440;33.4;3.958;217;2281
589;140;148;10452;669.00;5651;27.6;3.958;160;2150
590;1100;417;2400;463.00;6282;33.4;4.000;217;3293
591;300;1717;11591;4660.00;5855;33.4;4.000;217;2213
592;310;1001;8266;4464.00;5785;33.4;4.000;217;1950
593;760;84;4855;1359.00;5434;33.4;2.992;217;2644
594;1110;1100;1545;618.00;6874;33.4;4.000;217;3571
595;250;1433;4254;1651.00;6424;31.7;2.992;200;2549
596;230;211;8969;3552.00;6644;33.4;3.958;217;2096
597;280;1675;3195;230.00;5064;27.6;4.000;160;2300
598;170;2246;9701;5190.00;6537;31.7;3.958;200;2230
599;700;3738;1341;992.00;6415;33.4;4.000;217;3052
600;260;3142;2275;1119.00;6548;33.4;2.992;217;2629
601;190;24;12215;5631.00;6242;33.4;4.000;217;2049
602;525;1040;14260;8099.00;7358;37.3;3.958;225;2810
603;310;2550;13798;7810.00;6815;37.3;4.000;225;2679
604;550;287;7481;4301.00;6054;33.4;4.000;217;2306
605;396;488;2763;323.00;5755;26.4;3.958;160;2301
606;960;45;7525;2709.00;6212;37.3;3.958;225;2950
607;170;3530;7199;2757.00;6710;33.4;4.000;217;2460
608;920;359;9910;8275.00;5986;38.7;4.000;220;2566
609;280;10144;5156;2949.00;6700;33.4;3.958;217;2965
610;510;1620;994;800.00;6189;33.4;4.000;217;2728
611;350;2224;13546;6638.00;6593;37.3;3.958;225;2621
612;336;834;5630;1115.00;4888;28.1;3.958;160;2174
613;230;561;839;421.00;6370;33.4;3.958;217;2240
614;930;2105;4495;4166.00;6186;38.7;3.958;220;2731
615;320;442;14791;2026.00;6191;33.4;4.000;217;2726
616;220;4852;796;426.00;6021;33.4;3.958;217;2690
617;191;67;6796;816.00;6451;26.4;4.000;160;2040
618;590;2732;6168;3824.00;6487;33.4;3.958;217;2484
619;370;0;1484;139.00;5818;27.6;4.000;160;2268
620;375;6385;6890;5209.00;6864;33.4;4.000;217;2838
621;560;3641;1809;2238.00;6543;38.7;2.992;220;2846
622;640;1076;14517;7476.00;6919;37.3;3.958;225;3149
623;938;338;5300;4510.00;4850;42.5;4.000;185;2094
624;280;4260;17040;9491.00;6613;37.3;6.276;225;2588
625;315;9570;3966;2158.00;7087;31.7;4.000;200;3146
626;400;291;2806;219.00;5866;27.6;4.000;160;2345
627;480;2870;9664;5943.00;6575;37.3;3.958;225;2584
628;720;4662;2668;2636.00;6831;38.3;4.000;209;3196
629;380;1887;5661;668.00;5524;27.6;4.000;160;2312
630;240;4941;7110;4046.00;6215;33.4;4.000;217;2244
631;320;8507;6876;3782.00;6856;31.7;4.000;200;2997
632;220;3742;3112;1609.00;5643;33.4;4.000;217;2212
633;230;2778;10203;4622.00;6557;33.4;3.958;217;2384
634;590;4601;6460;3159.00;6879;37.3;3.958;225;3125
635;240;5112;3794;1559.00;6116;31.7;4.000;200;2408
636;820;70;11633;3490.00;6196;37.3;4.000;225;2953
637;620;3802;2598;1892.00;6413;37.3;4.000;225;2995
638;360;5168;348;286.00;6492;33.4;4.000;217;3152
639;890;249;988;556.00;6078;37.3;4.000;225;2784
640;300;9735;1598;2459.00;6588;37.3;3.958;225;2965
641;285;8861;6739;3363.00;7044;33.4;3.958;217;2984
642;570;6065;2513;3526.00;6090;37.6;3.958;196;2510
643;240;724;3803;297.00;5087;28.1;4.000;160;2104
644;600;40;9992;5526.00;6749;37.3;3.958;225;2609
645;420;51;1360;80.00;5740;27.6;3.958;160;2430
646;283;0;1119;107.00;5097;26.2;3.958;160;2114
647;390;3600;1162;293.00;6199;33.4;3.958;217;2884
648;220;5210;2590;1911.00;6745;33.4;4.000;217;2730
649;1020;880;1818;1267.00;5042;37.3;4.000;225;2783
650;400;2846;4703;2789.00;6418;33.4;3.958;217;2480
651;1394;0;1000;1045.00;8478;47.5;2.992;189;3698
652;265;64;7056;3697.00;6006;31.7;4.000;200;1818
653;520;317;12683;6050.00;5684;33.4;4.000;217;2224
654;457;0;1822;250.00;5673;27.6;3.958;160;2414
655;220;2144;7782;3058.00;6289;33.4;3.958;217;2349
656;480;6114;2389;2045.00;6725;37.3;3.958;225;2967
657;390;30;9821;5019.00;6517;31.7;4.000;200;2316
658;493;1116;3533;1131.00;6062;35.3;4.000;233;2511
659;360;8;3941;571.00;5007;26.4;3.958;160;2138
660;280;3309;7758;4259.00;6760.2;37.3;3.958;225;2571
661;280;588;14121;6312.00;6281;33.4;3.958;217;2289
662;535;4183;4217;2952.00;5728;33.4;3.958;217;2289
663;255;1897;1603;545.00;6333;33.4;4.000;217;2341
664;300;569;11799;6171.00;6363;33.4;4.000;217;2424
665;390;1546;5354;2827.00;6603;31.7;4.000;200;2293
666;1200;337;2522;2335.00;5981;38.1;4.000;207;2635
667;500;697;2161;640.00;6222;33.4;4.000;217;2452
668;900;65;6400;5472.00;5920;37.3;4.000;225;2789
669;820;58;2175;574.00;6724;38.3;4.000;209;3103
670;200;1010;8170;915.00;5921;27.6;4.000;160;2310
671;360;420;12720;6958.00;6703;37.3;4.000;225;2652
672;950;476;803;472.00;6537;31.7;4.000;200;2922
673;360;4818;8064;4782.00;6958.5;33.4;3.958;217;3076
674;350;2433;6256;1076.00;4882;26.4;3.958;160;2129
675;260;1275;973;546.00;6739;33.4;3.958;217;2380
676;310;2871;2704;1941.00;6698;31.7;3.958;200;2342
677;500;80;4608;2088.00;6728;31.7;4.000;200;2366
678;195;2168;4714;2154.00;6716;33.4;3.958;217;2169
679;255;184;3504;890.00;6105;33.4;4.000;217;2019
680;1410;1532;3698;532.00;6682;33.4;4.000;217;3589
681;1000;13;6423;2736.00;6440;37.3;4.000;225;2729
682;250;2084;1776;938.00;6277;33.4;2.992;217;2263
683;1090;1206;1689;792.00;6555;33.4;2.992;217;3140
684;428;26;13045;4983.00;6199;33.4;3.958;217;2210
685;370;2198;4847;1822.00;5856;33.4;4.000;217;2107
686;740;1115;14815;7630.00;6599;37.3;4.000;225;2836
687;400;1294;3645;470.00;5096;37.3;2.441;225;2282
688;320;2339;1173;569.00;5816;33.4;4.000;217;2262
689;405;5598;2988;1461.00;6556;33.4;3.958;217;2673
690;540;3346;7589;3332.00;6688;37.3;3.958;225;2686
691;520;646;6227;3045.00;6592;37.3;4.000;225;2330
692;200;4460;3419;1741.00;6709;31.7;3.958;200;2395
693;440;72;7091;3241.00;5948;31.7;4.000;200;1999
694;370;6844;547;497.00;7164;31.7;4.000;200;2801
695;420;238;3933;397.00;6668;35.3;6.276;233;2334
696;205;2908;5060;2454.00;6527;33.4;4.000;217;2155
697;225;2040;7360;3165.00;6610;33.4;4.000;217;2163
698;680;1551;637;364.00;6535;33.4;3.958;217;2958
699;200;10171;2039;779.00;5566;33.4;3.958;217;2349
700;315;298;9008;4702.00;6618;33.4;3.958;217;1972
701;270;4207;4156;1671.00;6407;33.4;4.000;217;2359
702;235;1907;2581;524.00;6230;31.7;2.992;200;2379
703;480;602;910;248.00;6034;33.4;3.958;217;2458
704;1180;8;7706;5942.00;6327;37.3;3.958;225;2827
705;340;1904;3257;967.00;6601;31.7;2.992;200;2417
706;465;6;5852;2674.00;6135;31.7;4.000;200;1957
707;260;2067;8371;3072.00;6409;33.4;3.958;217;2053
708;1180;63;2915;2198.00;6733;38.3;3.958;209;3046
709;235;1718;6788;2125.00;6611;33.4;3.958;217;2100
710;215;281;7323;3603.00;6390;33.4;4.000;217;1705
711;340;380;4090;1910.00;6621;33.4;3.958;217;1993
712;315;3342;1661;772.00;6809;31.7;2.992;200;2547
713;215;1111;6998;3408.00;6514;33.4;3.958;217;1818
714;230;200;5522;2170.00;6608;33.4;4.000;217;1846
715;320;834;5535;2751.00;6210;33.4;4.000;217;1839
716;220;1835;3777;1254.00;6518;33.4;3.958;217;2051
717;230;2113;4101;1870.00;6162;33.4;6.276;217;1819
718;405;863;7596;3274.00;6232;33.4;3.958;217;1999
719;265;742;5288;2300.00;6558;33.4;4.000;217;1898
720;285;568;6272;2101.00;6484;33.4;4.000;217;2123
721;465;150;5217;2368.00;6633;33.4;3.958;217;2254
722;400;1404;1780;895.00;6854;33.4;2.992;217;2541
723;200;663;4007;593.00;5900;27.6;4.000;160;2387
724;490;8;3922;2036.00;6583;31.7;4.000;200;2137
725;246;99;9791;2379.00;6380;33.4;4.000;217;2106
726;340;4356;2844;1561.00;6209;33.4;4.000;217;2341
727;800;596;1102;889.00;6933;38.3;4.000;209;3011
728;215;1379;3906;1066.00;6392;33.4;2.992;217;2168
729;180;459;3951;364.00;5071;27.6;4.000;160;2076
730;200;6895;3505;1717.00;6136;33.4;3.958;217;2283
731;330;4798;1060;328.00;6382;37.3;3.958;225;2738
732;1149;86;1140;7183.00;4790;42.5;3.958;185;1970
733;350;47;5153;830.00;6950;33.4;4.000;217;2233
734;1100;140;9860;2357.00;6206;37.3;4.000;225;2885
735;620;863;6638;2303.00;6368;33.4;4.000;217;2504
736;610;520;12824;12016.00;6806;38.3;3.958;209;2838
737;380;9500;3000;1248.00;6517;33.4;4.000;217;2810
738;300;8116;3512;1914.00;6505;33.4;3.958;217;2517
739;560;3605;5296;5131.00;6782;38.3;4.000;209;2810
740;1030;1855;9883;5673.00;5418;37.3;4.000;225;2563
741;330;2239;1961;1024.00;6482;33.4;3.958;217;2379
742;480;2831;5352;2665.00;6559;37.3;4.000;225;2424
743;340;3041;1594;725.00;5875;33.4;2.992;217;2351
744;915;2269;973;506.00;7151;33.4;2.992;217;3270
745;310;5212;8397;4904.00;6719;37.3;3.958;225;3023
746;250;452;5652;639.00;6063;31.7;2.992;200;2266
747;720;5676;6324;4781.00;6870;38.3;3.958;209;2933
748;210;1638;7311;3817.00;7030;31.7;3.958;200;1858
749;370;1137;4463;2731.00;6472;33.4;3.958;217;2063
750;570;266;9584;5894.00;6584;37.3;3.958;225;2884
751;380;2053;7541;2850.00;6637;31.7;3.958;200;2379
752;240;1082;3078;416.00;6360;33.4;4.000;217;2257
753;1200;181;2401;2168.00;6701;38.3;2.992;209;3014
754;210;192;8527;3624.00;6064;33.4;4.000;217;1754
755;840;1339;8292;6219.00;6344;37.3;2.992;225;2869
756;330;540;5600;2923.00;5843;33.4;4.000;217;1796
757;500;44;5474;2907.00;6738;31.7;4.000;200;2152
758;270;2396;7422;3592.00;6361;33.4;3.958;217;2030
759;850;413;3887;1458.00;6451;33.4;3.958;217;2691
760;380;1721;3268;2114.00;6769;31.7;4.000;200;2278
761;200;1803;2057;883.00;6355;31.7;2.992;200;2177
762;230;3362;4624;2210.00;6852;31.7;3.958;200;2223
763;780;5549;4119;3315.00;6920;38.3;4.000;209;3325
764;410;11;10989;5593.00;5803;31.7;4.000;200;1865
765;460;4595;1805;998.00;6736;33.4;4.000;217;2833
766;190;569;3496;1374.00;6071;33.4;3.958;217;1940
767;620;24;3997;1447.00;6496;31.7;4.000;200;2336
768;250;1758;4203;1765.00;6753;31.7;4.000;200;2107
769;1350;32;3206;4148.00;4650;42.5;3.958;185;2199
770;280;4636;2486;1377.00;6007;33.4;3.958;217;2205
771;350;2622;2774;802.00;5850;33.4;3.958;217;2236
772;395;479;14962;7616.00;6769;37.3;3.958;225;2340
773;470;2481;523;118.00;6022;33.4;3.958;217;2630
774;320;3568;826;9.00;6668;33.4;4.000;217;2851
775;420;5364;7081;3222.00;6642;37.3;2.992;225;2960
776;430;1051;5131;2068.00;5835;31.7;2.992;200;2193
777;250;1269;6764;3578.00;5947;33.4;3.958;217;1746
778;230;167;15004;6017.00;6624;33.4;6.276;217;2050
779;240;202;4979;831.00;6315;33.4;4.000;217;2079
780;260;334;5966;2894.00;6546;31.7;4.000;200;1903
781;285;2593;5560;2652.00;6420;33.4;3.958;217;2122
782;240;283;7363;3335.00;6648;31.7;4.000;200;1913
783;350;3979;1788;681.00;6533;33.4;4.000;217;2533
784;1100;80;8820;1349.00;6545;37.3;3.958;225;2940
785;185;3084;815;283.00;6259;33.4;2.992;217;2302
786;200;3017;4583;2058.00;5985;33.4;3.958;217;2303
787;780;1981;2532;1068.00;4933;37.3;4.000;225;2323
788;260;2287;3893;1978.00;5985;33.4;3.958;217;1928
789;195;4651;9191;4430.00;6575;33.4;6.276;217;2105
790;210;3362;5259;1935.00;6519;33.4;4.000;217;2402
791;680;1843;790;848.00;6179;37.6;2.992;196;2702
792;490;5879;1591;364.00;6840;33.4;4.000;217;2934
793;195;1370;1675;693.00;6342;33.4;4.000;217;2050
794;360;249;11620;3788.00;6519;33.4;4.000;217;2179
795;460;1544;4196;2056.00;6302;33.4;3.958;217;2224